Unnamed: 0,source_id,source_name,author,title,description,url,urlToImage,publishedAt,content
0,,Slashdot.org,msmash,DeepSeek To Share Some AI Model Code,"Chinese startup DeepSeek will make its models' code publicly available, it said on Friday, doubling down on its commitment to open-source artificial intelligence. From a report: The company said in a post on social media platform X that it will open source 5 …",https://news.slashdot.org/story/25/02/21/1842227/deepseek-to-share-some-ai-model-code,https://a.fsdn.com/sd/topics/ai_64.png,2025-02-21 18:41:00+00:00,"You should get your facts straight. Or do you think they renamed it? Perhaps the new Chinese name is Gate of Devilish War? Now if you were searching in Chinese it might mean something.
I don't actua… [+316 chars]"
1,,Gizmodo.com,Kyle Barr,"OpenAI’s GPT-4.5 May Arrive Next Week, but GPT-5 Is Just Around the Corner","The next landmark version of OpenAI's ChatGPT could use GPT-5, but don't start assuming this will have any semblance of ""AGI.""",https://gizmodo.com/openais-gpt-4-5-may-arrive-next-week-but-gpt-5-is-just-around-the-corner-2000566442,https://gizmodo.com/app/uploads/2024/05/72304a9885903a2bfcba79ca40608c30-e1740080089739.jpg,2025-02-20 20:06:06+00:00,"OpenAI may be preparing to slap a new coat of paint on ChatGPT with an updated AI model, GPT-4.5, as early as next week. If that’s not enough to get users excited, the Sam Altman-led company is on th… [+3418 chars]"
2,business-insider,Business Insider,Riddhi Kanetkar,Mistral's CEO Arthur Mensch tells BI that DeepSeek is a win for the open-source ecosystem,"Arthur Mensch told Business Insider that DeepSeek was the ""Mistral of China,"" with its new R1 models a ""great moment for open source.""",https://www.businessinsider.com/mistral-ceo-deepseek-open-source-ai-2025-2,https://i.insider.com/67ae28287bb3f854015ccd8e?width=1200&format=jpeg,2025-02-16 10:00:02+00:00,"Mistral CEO Arthur Mensch.AURELIEN MORISSARD/POOL/AFP via Getty Images
<ul><li>Mistral's CEO, Arthur Mensch, told BI that DeepSeek is a ""great moment for open-source models."" </li><li> Mistral, a Pa… [+3975 chars]"
3,,Slashdot.org,EditorDavid,Ask Slashdot: What Would It Take For You to Trust an AI?,"Long-time Slashdot reader shanen has been testing AI clients. (They report that China's DeepSeek ""turned out to be extremely good at explaining why I should not trust it. Every computer security problem I ever thought of or heard about and some more besides.""…",https://ask.slashdot.org/story/25/02/15/2047258/ask-slashdot-what-would-it-take-for-you-to-trust-an-ai,https://a.fsdn.com/sd/topics/ai_64.png,2025-02-16 02:34:00+00:00,"Long-time Slashdot reader shanen has been testing AI clients. (They report that China's DeepSeek ""turned out to be extremely good at explaining why I should not trust it. Every computer security prob… [+1638 chars]"
4,wired,Wired,Steven Levy,Mira Murati Launches Thinking Machines Lab to Make AI More Accessible,"After leaving OpenAI last year, Mira Murati is finally ready to share what she's working on.",https://www.wired.com/story/mira-murati-thinking-machines-lab/,"https://media.wired.com/photos/67ad76e665d45bbd6c0a9c51/191:100/w_1280,c_limit/Bis_Mira_GettyImages-2188124121.jpg",2025-02-18 18:30:00+00:00,"Last September Mira Murati unexpectedly left her job as chief technology officer of OpenAI, saying, I want to create the time and space to do my own exploration. The rumor in Silicon Valley was that … [+3062 chars]"
5,,VentureBeat,Michael Nuñez,"OpenAI’s ChatGPT explodes to 400M weekly users, with GPT-5 on the way","OpenAI's ChatGPT reaches 400M weekly users and doubles enterprise adoption to 2M+ users, signaling major AI shift as company prepares GPT-5 launch amid growing competition from DeepSeek and xAI.",https://venturebeat.com/ai/openai-chatgpt-explodes-to-400m-weekly-users-with-gpt-5-on-the-way/,https://venturebeat.com/wp-content/uploads/2025/02/nuneybits_Vector_art_of_global_domination_computer_code_globe_m_731d1393-908d-4c41-a2f1-237776dea49d.webp?w=1024?w=1200&strip=all,2025-02-20 18:47:16+00:00,"Join our daily and weekly newsletters for the latest updates and exclusive content on industry-leading AI coverage. Learn More
OpenAIs ChatGPT has surpassed 400 million weekly active users, a milest… [+6322 chars]"
6,,VentureBeat,Sean Michael Kerner,"Together AI’s $305M bet: Reasoning models like DeepSeek-R1 are increasing, not decreasing, GPU demand",The demands of DeepSeek's advanced reasoning capabilities are pushing enterprises toward Together AI's optimized infrastructure platform.,https://venturebeat.com/ai/together-ais-305m-bet-reasoning-models-like-deepseek-r1-are-increasing-not-decreasing-gpu-demand/,https://venturebeat.com/wp-content/uploads/2025/02/together-ai-deepseek-SMK.jpg?w=1024?w=1200&strip=all,2025-02-21 01:30:38+00:00,"Join our daily and weekly newsletters for the latest updates and exclusive content on industry-leading AI coverage. Learn More
When DeepSeek-R1 first emerged, the prevailing fear that shook the indu… [+5836 chars]"
7,,Substack.com,Babbage,Back to the Future with Gordon Moore,An antidote to DeepSeek induced worry!,https://thechipletter.substack.com/p/back-to-the-future-with-gordon-moore,"https://substackcdn.com/image/fetch/w_1200,h_600,c_fill,f_jpg,q_auto:good,fl_progressive:steep,g_auto/https%3A%2F%2Fsubstack-post-media.s3.amazonaws.com%2Fpublic%2Fimages%2F10c5991c-790b-41a6-bdfe-2bf189fdfa7c_2048x1365.jpeg",2025-02-15 18:59:52+00:00,"The more things change the more they stay the same (Anon)
Sometimes the whole world can change in a weekend. It certainly seems that way today as the most recent DeepSeek models have apparently upen… [+8066 chars]"
8,,Android Police,Faith Leroux,Is DeepSeek AI safe?,Are you willing to let your data pay the price of using this powerful and free AI model? Here's what you need to know before paying,https://www.androidpolice.com/deepseek-ai-is-it-safe/,https://static1.anpoimages.com/wordpress/wp-content/uploads/wm/2025/01/deepseek-ai-hero.jpg,2025-02-18 13:28:25+00:00,"The AI space is continually seeing developments. Only a week after DeepSeek's worldwide app release, it has become the most downloaded free app in the US. That's both impressive but terrifying at the… [+8338 chars]"
9,,Github.com,deepseek-ai,DeepSeek Open Infra: Open-Sourcing 5 AI Repos in 5 Days,Contribute to deepseek-ai/open-infra-index development by creating an account on GitHub.,https://github.com/deepseek-ai/open-infra-index,https://opengraph.githubassets.com/d5c10482b54f747ff519f34c552571ef5aa3bf665362017aa8e4375227fd1d24/deepseek-ai/open-infra-index,2025-02-21 04:24:39+00:00,"We're a tiny team @deepseek-ai pushing our limits in AGI exploration.
Starting next week, we'll open-source 5 repos one daily drop not because we've made grand claims,
but simply as developers shar… [+502 chars]"
10,,9to5Mac,Filipe Espósito,DeepSeek to be removed from App Store in South Korea due to local ban,"Bad news for DeepSeek users in South Korea. The country’s regulator announced on Monday that the Chinese AI app is now banned in South Korea under allegations that it fails to comply with local data protection laws. As a result, both Apple and Google will hav…",https://9to5mac.com/2025/02/17/deepseek-ban-south-korea/,https://i0.wp.com/9to5mac.com/wp-content/uploads/sites/6/2025/01/DeepSeek-privacy-under-investigation-in-US-and-Europe.jpg?resize=1200%2C628&quality=82&strip=all&ssl=1,2025-02-17 23:22:59+00:00,Bad news for DeepSeek users in South Korea. The country’s regulator announced on Monday that the Chinese AI app is now banned in South Korea under allegations that it fails to comply with local data … [+1756 chars]
11,,Digital Trends,Willow Roberts,It looks like Claude is getting an “extended thinking” feature,"Screenshots of the Claude mobile app have been leaked on X, showing a new ""extended thinking"" feature and a web search tool.",https://www.digitaltrends.com/computing/claude-getting-extended-thinking-feature/,https://www.digitaltrends.com/wp-content/uploads/2024/06/claudetop.webp?resize=1200%2C630&p=1,2025-02-19 14:59:44+00:00,"Screenshots from AI leaker CHOI have dropped on X today, showing a new “extended thinking” toggle and a web search tool on the Claude mobile app. There’s no information yet about how these features w… [+2452 chars]"
12,,Slashdot.org,BeauHD,ChatGPT Reaches 400 Million Weekly Active Users,"ChatGPT has reached over 400 million weekly active users, doubling its count since August 2024. ""We feel very fortunate to serve 5 percent of the world every week,"" OpenAI COO Brad Lightcap said on X. Engadget reports: The latest milestone for the AI assistan…",https://slashdot.org/story/25/02/20/2135238/chatgpt-reaches-400-million-weekly-active-users,https://a.fsdn.com/sd/topics/ai_64.png,2025-02-20 22:40:00+00:00,"I can hardly wait for the army of neckbeards who never use it tell me why it is not any good
ChatGPT is a poor finder of facts, but it is the best damned writing assistant that I've encountered in m… [+314 chars]"
13,,Windows Central,kevinokemwa@outlook.com (Kevin Okemwa),"""Elon Musk promised Grok 3 would be the smartest AI ever. Spoiler alert: it wasn't."" — AI critic says Sam Altman can breathe easy as xAI's model launch was a ""carbon copy"" of previous demos","Elon Musk touts Grok 3 as the smartest AI on earth, outperforming proprietary models from top AI firms, including OpenAI, Anthropic, DeepSeek, and Google.",https://www.windowscentral.com/software-apps/elon-musk-promised-grok-3-would-be-the-smartest-ai-ever-spoiler-alert-it-wasnt,https://cdn.mos.cms.futurecdn.net/BzyHZsyghGbBFLcBBXiFH3-1200-80.jpg,2025-02-18 18:24:45+00:00,"After much anticipation and hype around xAI's Grok 3, the next-gen finally shipped. The company CEO and billionaire Elon Musk touted it as the ""smartest AI on earth,"" claiming it outperformed proprie… [+5025 chars]"
14,,Windows Central,kevinokemwa@outlook.com (Kevin Okemwa),"DeepMind CEO claims Google has the ""ingredients"" to maintain AI lead over DeepSeek's ""exaggerated"" success — after Microsoft CEO Satya Nadella said Google already missed the opportunity to be the ""default winner""","Demis Hassabis, DeepMind CEO urged employees not to worry about DeepSeek's exaggerated success, citing Google's superiority in the AI landscape.",https://www.windowscentral.com/software-apps/deepmind-ceo-claims-google-has-the-ingredients-to-maintain-ai-lead-over-deepseeks-exaggerated-success,https://cdn.mos.cms.futurecdn.net/gbCGCNQsFnhKAKPHNCWAzQ-1200-80.jpg,2025-02-18 15:27:05+00:00,"The emergence of DeepSeek's ultra-cost-effective AI continues to raise concern among major AI firms, including Google. Recently, Demis Hassabis, DeepMind CEO, urged employees not to worry about the C… [+3643 chars]"
15,,Windows Central,sean.endicott@futurenet.com (Sean Endicott),OpenAI surpasses 400 million weekly users even with DeepSeek’s cost efficient model in the fold,OpenAI's Brad Lighcap stated the company now has over 400 million weekly active users. That's an increase of 100 million in less than three months.,https://www.windowscentral.com/software-apps/openai-surpasses-400-million-weekly-users-adding-100-million-even-with-deepseeks-cost-efficient-model-in-the-fold,https://cdn.mos.cms.futurecdn.net/ueA58PzmDvUycyXMstcZUn-1200-80.jpg,2025-02-21 15:03:59+00:00,"OpenAI, the maker of ChatGPT, now has over 400 million weekly active users. That figure marks a 33% increase over the last three months, according to OpenAI Chief Operating Officer Brad Lightcap.
Th… [+2791 chars]"
16,,Slashdot.org,BeauHD,China's Electric-Vehicle-To-Humanoid-Robot Pivot,"""[O]ur intrepid China reporter, Caiwei Chen, has identified a new trend unfolding within China's tech scene: Companies that were dominant in electric vehicles are betting big on translating that success into developing humanoid robots,"" writes MIT Technology …",https://hardware.slashdot.org/story/25/02/19/2211224/chinas-electric-vehicle-to-humanoid-robot-pivot,https://a.fsdn.com/sd/topics/robot_64.png,2025-02-20 03:30:00+00:00,"Your story looks at electric-vehicle makers in China that are starting to work on humanoid robots, but I want to ask about a crazy stat. In China, 53% of vehicles sold are either electric or hybrid, … [+2950 chars]"
17,,Internet,info@thehackernews.com (The Hacker News),South Korea Suspends DeepSeek AI Downloads Over Privacy Violations,"South Korea has formally suspended new downloads of Chinese artificial intelligence (AI) chatbot DeepSeek in the country until the service makes changes to its mobile apps to comply with data protection regulations.
Downloads have been paused as of February 1…",https://thehackernews.com/2025/02/south-korea-suspends-deepseek-ai.html,https://blogger.googleusercontent.com/img/b/R29vZ2xl/AVvXsEiv2RsuWD4T7xfgN9d7p1_7AazfRvrFH2tG7OoQif_oh1LENmPQ1yhdxAU5khCzbID8nvU_mmudkTOa2VHGgdeF1222yjvs7Fr5hZN0VB04LyUefmc7-m7zNoFcquV6zhCjftywGbcnuCDCsw_xHf8HetM32M5kJPx16URO8WlKKPOT26mES896fVOaLhIa/s728-rw-e365/deepseek.png,2025-02-17 11:36:00+00:00,South Korea has formally suspended new downloads of Chinese artificial intelligence (AI) chatbot DeepSeek in the country until the service makes changes to its mobile apps to comply with data protect… [+1986 chars]
18,,Android Central,Nicholas Sutrich,"Everyone is tired of AI, but it sounds like Honor is cooking up something different","The Honor Alpha Plan is a mysterious new concept set to be announced at MWC 2025, and we have a few ideas of what Honor could be cooking up.",https://www.androidcentral.com/phones/honor-alpha-plan-mwc-2025-tease,https://cdn.mos.cms.futurecdn.net/8FWujFUcUiKdBx6VGaUUm4-1200-80.jpg,2025-02-20 13:59:10+00:00,"Mobile World Congress (MWC) 2025 is just a few short weeks from now, and companies have already begun to tease what's in store for the big annual show. Honor just launched a pair of new phones so it … [+4550 chars]"
19,business-insider,Business Insider,hbullock@insider.com (Hallam Bullock),They voted for Trump. Now some of their jobs are at risk.,BI spoke with four Trump-supporting federal workers about the president's workforce mandates.,https://www.businessinsider.com/federal-workers-voted-trump-doge-layoffs-regret-support-2025-2,https://i.insider.com/67b32d116630eb10385cced7?width=1200&format=jpeg,2025-02-17 13:03:23+00:00,"Good morning. Hallam Bullock here, writing to you from London. Our US team is observing Presidents' Day, so I'm bringing you a shorter version of the newsletter.
In case you missed it, Jamie Dimon's… [+3943 chars]"
20,business-insider,Business Insider,Huileng Tan,Xi Jinping gave China's big tech companies a personal stamp of approval,"At the Monday meeting, Xi urged the executives to ""show their talent"" and pledged to support private businesses.",https://www.businessinsider.com/china-xi-jinping-meeting-private-sector-big-tech-personal-approval-2025-2,https://i.insider.com/67b3f7577bb3f854015d1748?width=1200&format=jpeg,2025-02-18 08:26:23+00:00,"Chinese leader Xi Jinping has signaled support for the country's private sector following years of crackdown.Xie Huanchi/Xinhua via Getty Images
<ul><li>Chinese leader Xi Jinping met with the countr… [+4459 chars]"
21,,BBC News,,DeepSeek 'shared user data' with TikTok owner ByteDance,South Korea's data protection regulator says user data was sent to the Chinese owner of TikTok.,https://www.bbc.com/news/articles/c4gex0x87g4o,https://ichef.bbci.co.uk/news/1024/branded_news/c4be/live/2a38e8b0-edde-11ef-9cb9-3360cc750412.jpg,2025-02-18 11:40:23+00:00,"South Korea has accused Chinese AI startup DeepSeek of sharing user data with the owner of TikTok in China.
""We confirmed DeepSeek communicating with ByteDance,"" the South Korean data protection reg… [+2953 chars]"
22,al-jazeera-english,Al Jazeera English,Al Jazeera,South Korea removes DeepSeek from app stores pending privacy review,Personal Information Protection Commission says Chinese start-up accepted proposal to suspend downloads of AI chatbot.,https://www.aljazeera.com/news/2025/2/17/south-korea-removes-deepseek-from-app-stores-pending-privacy-review,https://www.aljazeera.com/wp-content/uploads/2025/02/AP25048152093982-1-1739771756.jpg?resize=1920%2C1440,2025-02-17 07:34:04+00:00,"South Korea has suspended downloads of DeepSeeks artificial intelligence-powered chatbot pending a review of the Chinese start-ups privacy standards.
South Koreas privacy watchdog said on Monday tha… [+2418 chars]"
23,,Quartz India,Kevin Williams,ChatGPT's growth is surging despite the DeepSeek buzz,"Despite the emergence of Chinese-owned DeepSeek’s AI platform, U.S.-based OpenAI’s ChatGPT continues its growth.Read more...",https://qz.com/openai-tops-400-million-users-continuing-its-growth-1851765601,"https://i.kinja-img.com/image/upload/c_fill,h_675,pg_1,q_80,w_1200/91baf87f8e06097ae93ad5f160031133.jpg",2025-02-20 14:21:28+00:00,"In This Story
Despite the emergence of Chinese-owned DeepSeeks AI platform, U.S.-based OpenAIs ChatGPT continues its growth.
The San Francisco-based tech company reported 400 million weekly active … [+1858 chars]"
24,,Yahoo Entertainment,Bloomberg News,"Tencent Shares Surge, Baidu Slides After DeepSeek’s WeChat Debut","(Bloomberg) -- Tencent Holdings Ltd.’s shares rose to their highest since 2021 after DeepSeek, the AI service that’s shaken up the industry since its...",https://finance.yahoo.com/news/tencent-shares-surge-baidu-slides-052826111.html,https://s.yimg.com/ny/api/res/1.2/54Dmjv2Jrox4oMSxSLKyAw--/YXBwaWQ9aGlnaGxhbmRlcjt3PTEyMDA7aD04MDA-/https://media.zenfs.com/en/bloomberg_technology_68/d74b1bb36e32f72e8cbce37dcc682258,2025-02-17 05:28:26+00:00,"(Bloomberg) -- Tencent Holdings Ltd.s shares rose to their highest since 2021 after DeepSeek, the AI service thats shaken up the industry since its emergence this year, debuted on the big tech compan… [+1720 chars]"
25,business-insider,Business Insider,ddefrancesco@businessinsider.com (Dan DeFrancesco),The best trade in the market might be following everything Elon Musk touches,"Musk-affiliated assets have really shined since Trump's inauguration, but banking on a figure known for unpredictability comes with risks.",https://www.businessinsider.com/best-trade-biggest-returns-might-musk-trade-not-trump-2025-2,https://i.insider.com/67b866b5eb4be2fff9a53568?width=1200&format=jpeg,2025-02-21 14:18:29+00:00,Happy Friday! Ever wondered what goes on at those massive real-estate conferences for people looking to grow (or start) their real-estate empire? Business Insider's Kathleen Elkins spent a day at one… [+7677 chars]
26,,Android Authority,Rushil Agrawal,ChatGPT’s weekly user base has exceeded the entire US population,"ChatGPT has crossed 400 million weekly users, marking a 33% increase in just three months despite rising AI competition.",https://www.androidauthority.com/openai-400-million-users-3528849/,https://www.androidauthority.com/wp-content/uploads/2024/09/openai-chatgpt-o1-model-logo-header-scaled.jpg,2025-02-21 20:55:19+00:00,"<ul><li>ChatGPT has crossed 400 million weekly users, marking a 33% increase in just three months despite rising AI competition.</li><li>More people are adopting ChatGPT through word of mouth, with p… [+3719 chars]"
27,,Quartz India,Josh Fellman,Nvidia stock has clawed almost all the way back from the DeepSeek selloff,"Nvidia (NVDA) stock extended its rally into a third day, rising more than 1% on Tuesday. The AI chipmaker’s shares have now regained about 90% of the ground they lost in panic-selling last month triggered by Chinese startup DeepSeek. At about $140 per share, …",https://qz.com/nvidia-stock-ai-chips-deepseek-china-1851765288,"https://i.kinja-img.com/image/upload/c_fill,h_675,pg_1,q_80,w_1200/31c3d0fbd71311a72abcf9b80012712d.jpg",2025-02-18 19:37:00+00:00,"In This Story
Nvidia (NVDA+0.48%
) stock extended its rally into a third day, rising more than 1% on Tuesday. The AI chipmakers shares have now regained about 90% of the ground they lost in panic-s… [+1684 chars]"
28,,Phandroid - News for Android,Mike Viray,Honor Teases Big Launch for MWC 2025,"Honor wants to go all-in with AI software.
The post Honor Teases Big Launch for MWC 2025 appeared first on Phandroid.",https://phandroid.com/2025/02/17/honor-teases-big-launch-for-mwc-2025/,https://phandroid.com/wp-content/uploads/2024/09/honor-magic-v3-7-scaled.jpg,2025-02-17 22:02:17+00:00,"With AI product integration having swept through pretty much every consumer tech category over the past few years, it’s not too surprising to see big brands and manufacturers within the industry capi… [+1013 chars]"
29,,NPR,Hannah Chinn,Like a snake eating its own tail: What happens when AI consumes its own data?,"Asked ChatGPT anything lately? Talked with a customer service chatbot? Read the results of Google's ""AI Overviews"" summary feature? If you've used the Internet lately, chances are, you've consumed content created by a large language model. These models, like …",https://www.npr.org/2025/02/17/1263339268/ai-chatgpt-deepseek-data-internet-recursion,https://media.npr.org/assets/img/2025/02/17/2.18.25-ep_wide-5514f5dfe38242db751cd05c2497ded1ad39e0ec.jpg?s=1400&c=100&f=jpeg,2025-02-18 08:00:00+00:00,"In large language model collapse, there are generally three sources of errors: The model itself, the way the model is trained and the data or lack thereof that the model is trained on.
Andriy Onufri… [+1335 chars]"
30,,Slashdot.org,BeauHD,"PIN AI Launches Mobile App Letting You Make Your Own Personalized, Private AI Model","An anonymous reader quotes a report from VentureBeat: A new startup PIN AI (not to be confused with the poorly reviewed hardware device the AI Pin by Humane) has emerged from stealth to launch its first mobile app, which lets a user select an underlying open-…",https://mobile.slashdot.org/story/25/02/14/2227222/pin-ai-launches-mobile-app-letting-you-make-your-own-personalized-private-ai-model,https://a.fsdn.com/sd/topics/ai_64.png,2025-02-15 00:02:00+00:00,"A new startup PIN AI (not to be confused with the poorly reviewed hardware device the AI Pin by Humane) has emerged from stealth to launch its first mobile app, which lets a user select an underlying… [+2021 chars]"
31,,MIT Technology Review,Charlotte Jee,"The Download: 4G on the moon, and parenting in the digital age","This is today’s edition of The Download, our weekday newsletter that provides a daily dose of what’s going on in the world of technology. Nokia is putting the first cellular network on the moon Later this month, Intuitive Machines, the private company behind …",https://www.technologyreview.com/2025/02/18/1112018/the-download-4g-moon-parenting-digital/,"https://wp.technologyreview.com/wp-content/uploads/2025/02/250214_mooncellnode.jpg?resize=1200,600",2025-02-18 13:15:00+00:00,"Join editor in chief Mat Honan and executive editor Niall Firth at 1.30pm ET today for a subscriber-only Roundtable conversation exploring how AI will alter search. Sign up here to attend, and if you… [+2320 chars]"
32,,Ghacks Technology News,Agencies Ghacks,DeepSeek Faces Another Country Ban Over Privacy Issues,"DeepSeek, a Chinese artificial intelligence startup, is encountering increasing global resistance due to privacy concerns. Recently, South Korea's Personal Information Protection Commission (PIPC) suspended new downloads of DeepSeek's AI app, citing non-compl…",https://www.ghacks.net/2025/02/18/deepseek-faces-another-country-ban-over-privacy-issues/,https://www.ghacks.net/wp-content/uploads/2025/01/deepseek-31012025.webp,2025-02-18 15:54:32+00:00,"DeepSeek, a Chinese artificial intelligence startup, is encountering increasing global resistance due to privacy concerns. Recently, South Korea's Personal Information Protection Commission (PIPC) su… [+1312 chars]"
33,techradar,TechRadar,waynewilliams@onmail.com (Wayne Williams),Nvidia rival claims DeepSeek world record as it delivers industry-first performance with 95% fewer chips,Nvidia rival SambaNova claims DeepSeek world record as it delivers industry-first performance with just 16 custom chips.,https://www.techradar.com/pro/nvidia-rival-claims-deepseek-world-record-as-it-delivers-industry-first-performance-with-95-percent-fewer-chips,https://cdn.mos.cms.futurecdn.net/3G8buE7zAcv4a7ZP3jYK6P-1200-80.jpg,2025-02-20 18:33:00+00:00,"<ul><li>SambaNova runs DeepSeek-R1 at 198 tokens/sec using 16 custom chips</li><li>The SN40L RDU chip is reportedly 3X faster, 5X more efficient than GPUs</li><li>5X speed boost is promised soon, wit… [+2802 chars]"
34,,Opera.com,Santiago Benavides García,You can now use the open source DeepSeek R1 model locally with Opera Developer,Opera Developer enables the open source DeepSeek R1 model family – you can run the model locally without any data leaving your device.,https://blogs.opera.com/news/2025/02/opera-developer-local-ai-models/,https://www-static-blogs.operacdn.com/news/wp-content/uploads/sites/2/2025/02/New-Local-AI-Models.jpg,2025-02-17 18:16:02+00:00,"Weve recently enabled support for the open source DeepSeek AI model in Opera Developer last year, we made it the first web browser with built-in local LLMs, giving you access to over 50 families of L… [+4254 chars]"
35,techradar,TechRadar,Ellen Jennings-Trace,DeepSeek blocked from app stores in South Korea,Officials take issue with DeepSeek's collection and processing of personal data,https://www.techradar.com/pro/security/deepseek-blocked-from-app-stores-in-south-korea,https://cdn.mos.cms.futurecdn.net/ART3zLDPRnqnEFFhs2fKjJ-1200-80.jpg,2025-02-17 17:53:00+00:00,<ul><li>South Korea privacy watchdog has temporarily halted downloads of DeepSeek</li><li>DeepSeek is working with authorities to get compliant</li><li>Latest in a series of privacy concerns raised a… [+4382 chars]
36,cbc-news,CBC News,,Deepseek removed from South Korea's app stores over privacy concerns,"DeepSeek, a Chinese artificial intelligence startup, has temporarily paused downloads of its chatbot apps in South Korea while it works with local authorities to address privacy concerns, South Korean officials said Monday.",https://www.cbc.ca/news/business/deepseek-removed-app-stores-south-korea-privacy-concerns-1.7461021,https://i.cbc.ca/1.7442396.1737992872!/fileImage/httpImage/image.JPG_gen/derivatives/16x9_1180/deepseek-markets.JPG?im=Resize%3D620,2025-02-17 13:42:04+00:00,"DeepSeek, a Chinese artificial intelligence startup, has temporarily paused downloads of its chatbot apps in South Korea while it works with local authorities to address privacy concerns, South Korea… [+2018 chars]"
37,,Neowin,David Uzondu,DeepSeek has been blocked in another country due to privacy concerns,"DeepSeek's troubles are not over, as another country has joined the list of countries blocking the app, this time over privacy concerns. Read more...",https://www.neowin.net/news/deepseek-has-been-blocked-in-another-country-due-to-privacy-concerns/,https://cdn.neowin.com/news/images/uploaded/2025/01/1738046583_deepseek_story.jpg,2025-02-17 10:02:01+00:00,"DeepSeek took the world by storm last month as it gained popularity and rose to the top of the App Store. One of the main reasons DeepSeek caused so much chaos, especially for Wall Street, was the Ch… [+2393 chars]"
38,,Forbes,"Emil Sayegh, Contributor, 
 Emil Sayegh, Contributor
 https://www.forbes.com/sites/emilsayegh/",The AI Hype Frenzy Is Fueling Cybersecurity Risks,"The AI boom has led to reckless data sharing, with tools like DeepSeek exposing sensitive information. As states ban AI apps, real threats remains unchecked.",https://www.forbes.com/sites/emilsayegh/2025/02/16/the-ai-hype-frenzy-is-fueling-cybersecurity-risks/,https://imageio.forbes.com/specials-images/imageserve/67b227cfb89d8fefd8a052f5/0x0.jpg?format=jpg&height=900&width=1600&fit=bounds,2025-02-16 18:07:35+00:00,"The AI Gold Rush: Innovation or Security Risk?
getty
The artificial intelligence gold rush has reached a fever pitch. Companies are throwing billionsno, trillionsat AI projects, slapping the ""AI-po… [+5098 chars]"
39,,CNET,Joe Hindy,Musk's xAI Launches Grok 3: Here's What You Need to Know,"Grok 3 is ""scary smart,"" according to Elon Musk, and is ""an order of magnitude more powerful than Grok 2.""",https://www.cnet.com/tech/services-and-software/musks-xai-launches-grok-3-heres-what-you-need-to-know/,https://www.cnet.com/a/img/resize/e1192a511b2ffef9316e6d869a306f1f6fca20da/hub/2024/04/03/ffe9b684-0f69-43bd-84b2-251850163ad6/grok-ai-pink.jpg?auto=webp&fit=crop&height=675&width=1200,2025-02-19 03:00:02+00:00,"Elon Musk's xAI announced its latest artificial intelligence flagship model, Grok 3, on Monday. The company also announced Grok 3 mini, a scaled-back version, plus the addition of DeepSearch, a new t… [+3611 chars]"
40,,Forbes,"Bernard Marr, Contributor, 
 Bernard Marr, Contributor
 https://www.forbes.com/sites/bernardmarr/",OpenAI's GPT-5 Is Coming: Here's What We Know So Far,"As Google's Gemini and DeepSeek emerge, Sam Altman's strategic vision for GPT-5 suggests a significant leap forward in AI reliability and problem-solving capabilities.",https://www.forbes.com/sites/bernardmarr/2025/02/19/openais-gpt-5-is-coming-heres-what-we-know-so-far/,https://imageio.forbes.com/specials-images/imageserve/67b599fa3d06233d1740e935/0x0.jpg?format=jpg&height=900&width=1600&fit=bounds,2025-02-19 08:46:03+00:00,"OpenAI's upcoming GPT-5 promises to revolutionize artificial intelligence by unifying advanced ... [+] reasoning capabilities with powerful language processing, potentially eliminating the need for s… [+5251 chars]"
41,,Android Authority,Andy Walker,"As a new car owner, I’ve found the perfect use for NotebookLM","NotebookLM is one of the truly useful AI tools that impacts my life daily, but how do I use it? If you're a vehicle owners, take note.",https://www.androidauthority.com/notebooklm-car-manual-3527632/,https://www.androidauthority.com/wp-content/uploads/2025/02/notebooklm-car-manual-feat.jpg,2025-02-20 11:44:28+00:00,"Ive recently been fortunate enough to purchase a new car. After not owning one for the best part of six years, I had some apprehensions, so I wanted to keep important documents close by if I ever nee… [+5631 chars]"
42,,Github.com,SearchSavior,OpenArc – Lightweight Inference Server for OpenVINO,Lightweight Inference server for OpenVINO. Contribute to SearchSavior/OpenArc development by creating an account on GitHub.,https://github.com/SearchSavior/OpenArc,https://opengraph.githubassets.com/8f177b1613c038c23d9ab940d8998c8e12c1bcfe1d867dd1ac07d56e7dbc0099/SearchSavior/OpenArc,2025-02-17 05:31:14+00:00,"OpenArc is a lightweight inference API backend for Optimum-Intel from Transformers to leverage hardware acceleration on Intel CPUs, GPUs and NPUs through the OpenVINO runtime using OpenCL drivers.
I… [+4877 chars]"
43,,Substack.com,XYZ Labs,Large Language Models Show Concerning Tendency to Flatter Users,"Research Shows Gemini Leads in Sycophantic Behavior with 62.47% Rate, Raising Reliability Concerns",https://xyzlabs.substack.com/p/large-language-models-show-concerning,"https://substackcdn.com/image/fetch/w_1200,h_600,c_fill,f_jpg,q_auto:good,fl_progressive:steep,g_auto/https%3A%2F%2Fsubstack-post-media.s3.amazonaws.com%2Fpublic%2Fimages%2F970cc049-591d-4390-ab3e-801edae997b2_816x1456.png",2025-02-16 12:54:57+00:00,"https://arxiv.org/abs/2502.08177
Recent research from Stanford University has revealed a concerning trend among leading AI language models: they exhibit a strong tendency toward sycophancy, or exces… [+5034 chars]"
44,,Buffer.com,Tamilore Oladipo,5 AI Chatbots Tested: Which One Works Best for Content Creators?,"We tested 5 AI chatbots, including ChatGPT alternatives, to discover which one works best as part of a content creator's workflow.",https://buffer.com/resources/chatgpt-alternatives/,https://buffer.com/resources/content/images/2025/02/chatgpt-alternatives.png,2025-02-20 11:00:46+00:00,"AI chatbots like ChatGPT have become ubiquitous and vital to how many knowledge workers, content creators, and business owners operate.
But as powerful as ChatGPT is, its not the only player in the … [+16962 chars]"
45,,PCWorld,"Kristian Kask, Joel Lee",xAI launches new Grok-3 AI model with DeepSearch researching,"Elon Musk’s AI company xAI just launched Grok-3, a new version of the AI model that powers the Grok AI chatbot. The new AI model was unveiled during a live broadcast on the social media platform formerly known as Twitter, with the creators describing it as th…",https://www.pcworld.com/article/2611838/xai-launches-new-grok-3-ai-model-with-deepsearch-researching.html,https://www.pcworld.com/wp-content/uploads/2025/02/grok-1.jpg?quality=50&strip=all&w=1024,2025-02-18 16:44:16+00:00,"Skip to contentType your search and hit enter
When you purchase through links in our articles, we may earn a small commission. This doesn't affect our editorial independence
.
Elon Musk’s AI compa… [+1295 chars]"
46,,BBC News,,South Korea bans new downloads of China's DeepSeek AI,App stores in South Korea have removed DeepSeek over concerns about how  it manages users' data.,https://www.bbc.com/news/articles/clyzym0vn8go,https://ichef.bbci.co.uk/news/1024/branded_news/8dfd/live/bc56eb10-ecea-11ef-8aa0-e92dd5ba95cf.jpg,2025-02-17 06:33:24+00:00,"South Korea has banned new downloads of China's DeepSeek artificial intelligence (AI) chatbot, according to the country's personal data protection watchdog.
The government agency said the AI model w… [+2259 chars]"
47,rt,RT,RT,South Korea bans DeepSeek,The state regulator “strongly advised” users to avoid the Chinese AI service pending “improvements” under local laws Read Full Article at RT.com,https://www.rt.com/news/612832-south-korea-bans-deepseek/,https://mf.b37mrtl.ru/files/2025.02/article/67b2b8e185f540782d77c664.jpg,2025-02-17 04:20:36+00:00,South Korea’s national data protection watchdog has announced a “temporary” suspension of the widely popular DeepSeek AI service in the country until authorities complete their review of the Chinese … [+2100 chars]
48,,Yahoo Entertainment,Samuel Shen and Tom Westbrook,"Tiger Brokers adopts DeepSeek model as Chinese brokerages, funds rush to embrace AI","Tiger Brokers said on Tuesday it embedded DeepSeek's model into its AI-powered chatbot, as brokerages and money managers race to capitalise on the Chinese...",https://finance.yahoo.com/news/tiger-brokers-adopts-deepseek-model-070602587.html,https://media.zenfs.com/en/reuters-finance.com/1466854680730bd1ebbbea019c1be2b5,2025-02-18 07:06:02+00:00,"By Samuel Shen and Tom Westbrook
SHANGHAI/SINGAPORE (Reuters) - Tiger Brokers said on Tuesday it embedded DeepSeek's model into its AI-powered chatbot, as brokerages and money managers race to capit… [+3575 chars]"
49,,Biztoc.com,finance.yahoo.com,Why This Google Executive Thinks the Hype Around DeepSeek Is Overblown,"In This Article:
Last month, a new artificial intelligence (AI) model emerged and made headlines in the markets for its effectiveness and low cost. Chinese company DeepSeek said its AI chatbot performed similarly to ChatGPT and that it cost less than $6 milli…",https://biztoc.com/x/75a3d5c2ffe7884f,https://biztoc.com/cdn/809/og.png,2025-02-16 23:29:18+00:00,"In This Article:Last month, a new artificial intelligence (AI) model emerged and made headlines in the markets for its effectiveness and low cost. Chinese company DeepSeek said its AI chatbot perform… [+149 chars]"
50,,Biztoc.com,asia.nikkei.com,Tencent's embrace of DeepSeek set to shake up China chatbot market,"HONG KONG -- China's chatbot market, led by TikTok owner ByteDance and startup Moonshot, is in for a shakeup after Tencent announced it was joining the growing list of Big Tech players embracing DeepSeek's artificial intelligence model.
Tencent has begun beta…",https://biztoc.com/x/621df3f7d5cca187,https://biztoc.com/cdn/621df3f7d5cca187_s.webp,2025-02-17 02:49:46+00:00,"HONG KONG -- China's chatbot market, led by TikTok owner ByteDance and startup Moonshot, is in for a shakeup after Tencent announced it was joining the growing list of Big Tech players embracing Deep… [+154 chars]"
51,,Infosecurity Magazine,Alessandro  Mascellino,South Korea Suspends Downloads of AI Chatbot DeepSeek,South Korea’s Personal Information Protection Commission is blocking DeepSeek AI downloads over privacy concerns,https://www.infosecurity-magazine.com/news/south-korea-suspends-deepseek/,https://assets.infosecurity-magazine.com/webpage/og/43370c76-5d14-40e2-96f1-5604c51b44a2.jpg,2025-02-17 16:30:00+00:00,"South Korea has suspended new downloads of the Chinese AI chatbot DeepSeek as it undergoes scrutiny for non-compliance with the country’s data protection laws.
The Personal Information Protection Co… [+2268 chars]"
52,,MIT Technology Review,Charlotte Jee,"The Download: ancient DNA’s modern uses, and an AI-artist collaboration","This is today’s edition of The Download, our weekday newsletter that provides a daily dose of what’s going on in the world of technology. Adventures in the genetic time machine An ancient-DNA revolution is turning the high-speed equipment used to study the DN…",https://www.technologyreview.com/2025/02/17/1111978/the-download-ancient-dna-ai-artist/,"https://wp.technologyreview.com/wp-content/uploads/2025/02/MIT-Tech-Review_Evo-Genetics_thumb.jpg?resize=1200,600",2025-02-17 13:11:00+00:00,"Stephen Ornes 
Both of the subscriber-only stories above are from the next edition of our print magazine, which is all about relationships. Subscribe now to get a copy when it lands on February 26!… [+2740 chars]"
53,,Smashingapps.com,Team,How to Build an Excel App with Deepseek in 5 Simple Steps (Free Guide),This free guide shows you how to build an Excel App with Deepseek AI. No coding required. Let’s get started.,https://www.smashingapps.com/build-an-excel-app-with-deepseek/,https://www.smashingapps.com/wp-content/uploads/2025/02/Build-an-Excel-App-with-Deepseek-e1739744486184.png,2025-02-16 22:48:51+00:00,"Lets face itmanually updating Excel sheets feels like watching paint dry. You need a faster way to crunch numbers, spot trends, or predict sales. Thats where Deepseek comes in. This free guide shows … [+3549 chars]"
54,,Substack.com,"Vikram Sreekanti, Joseph E. Gonzalez",You can't build a moat with AI,Using LLMs doesn't make a product special anymore,https://frontierai.substack.com/p/you-cant-build-a-moat-with-ai-redux,"https://substackcdn.com/image/fetch/w_1200,h_600,c_fill,f_jpg,q_auto:good,fl_progressive:steep,g_auto/https%3A%2F%2Fsubstack-post-media.s3.amazonaws.com%2Fpublic%2Fimages%2Ff9e64e92-3d60-4b43-bb64-ddf89f442ef5_1792x1024.webp",2025-02-20 18:49:24+00:00,"Last spring, we wrote an article called You cant build a moat with AI. That post argued that prompt engineering, while important, would be difficult to defend over time given how easy it is to experi… [+5751 chars]"
55,nbc-news,NBC News,Reuters,"South Korea suspends new downloads of DeepSeek, citing privacy concerns",South Korea’s data protection authority said new downloads of the Chinese AI app DeepSeek had been suspended in the country over data privacy concerns.,https://www.nbcnews.com/news/world/south-korea-suspends-new-downloads-deepseek-citing-privacy-concerns-rcna192432,"https://media-cldnry.s-nbcnews.com/image/upload/t_nbcnews-fp-1200-630,f_auto,q_auto:best/rockcms/2025-02/20250217-china-deepseek-jj-317a-c102cc.jpg",2025-02-17 08:20:25+00:00,"SEOUL, South Korea  South Koreas data protection authority said Monday that new downloads of the Chinese AI app DeepSeek had been suspended in the country after DeepSeek acknowledged failing to take … [+1280 chars]"
56,,Quartz India,William Gavin,Elon Musk's X could get its $44 billion valuation back,"Elon Musk’s X is reportedly discussing a new round of financing that would value the social media company at $44 billion, the price that its owner paid for the company formerly known as Twitter in 2022.Read more...",https://qz.com/elon-musk-x-twitter-value-44-billion-xai-grok-tesla-1851765371,"https://i.kinja-img.com/image/upload/c_fill,h_675,pg_1,q_80,w_1200/a14c43da9c3e7c940646196075ca4481.jpg",2025-02-19 14:52:39+00:00,"In This Story
Elon Musks X is reportedly discussing a new round of financing that would value the social media company at $44 billion, the price that its owner paid for the company formerly known as… [+2232 chars]"
57,,Techreport.com,Alpa Somaiya,South Korea Removes Deepseek from App Stores as It Fails to Comply with Data Protection Rules,"Key Takeaways The data protection authorities of South Korea said that new downloads of the Chinese app DeepSeek will be paused for a while after the company acknowledges that it...
The post South Korea Removes Deepseek from App Stores as It Fails to Comply w…",https://techreport.com/news/south-korea-bans-deepseek-as-it-fails-to-comply-with-data-protection-rules/,https://techreport.com/wp-content/uploads/2025/02/Untitled-design-70.jpg?_t=1739939082,2025-02-19 04:24:03+00:00,"Key Takeaways
<ul><li>South Korea has paused new downloads of the Chinese AI app DeepSeek due to non-compliance with its data protection laws. Existing users can still access the app, but services w… [+3932 chars]"
58,rt,RT,RT,South Korea accuses DeepSeek of leaking user data,Seoul has removed the Chinese AI assistant from local app stores after it allegedly sent data to TikTok owner ByteDance Read Full Article at RT.com,https://www.rt.com/business/613015-south-korea-deepseek-ban/,https://mf.b37mrtl.ru/files/2025.02/article/67b5db0d20302771b377cd51.jpg,2025-02-19 14:25:40+00:00,"South Korea’s national data protection regulator has accused the creators of Chinese AI service DeepSeek of sharing user data with TikTok owner ByteDance, the Yonhap news agency reported on Tuesday.… [+1484 chars]"
59,,Theregister.com,Simon Sharwood,Fujitsu worries US tariffs will see its clients slow digital spend,PLUS: Pacific islands targeted by Chinese APT; China’s new rocket soars; DeepSeek puts Korea in a pickle; and more Asia In Brief  The head of Fujitsu’s North American operations has warned that the Trump administration’s tariff plans will be bad for business.…,https://www.theregister.com/2025/02/16/asia_tech_news_in_brief/,https://regmedia.co.uk/2024/02/27/usa_shutterstock.jpg,2025-02-16 23:59:13+00:00,"Asia In Brief The head of Fujitsus North American operations has warned that the Trump administrations tariff plans will be bad for business.
In remarks shared with Japanese outlet Nikkei, Asif Poon… [+5288 chars]"
60,,Neowin,Karthik Mudaliar,OpenAI bans accounts used to develop Chinese surveillance tools targeting the West,"OpenAI has banned several accounts involved in developing surveillance tools allegedly linked to China, which were reportedly targeting Western nations. Read more...",https://www.neowin.net/news/openai-bans-accounts-used-to-develop-chinese-surveillance-tools-targeting-the-west/,https://cdn.neowin.com/news/images/uploaded/2021/07/1626722629_xi_story.jpg,2025-02-21 16:16:02+00:00,OpenAI has reportedly banned several accounts that were associated with a Chinese surveillance tool. These accounts were using ChatGPT to create sales pitches and debug code for an AI assistant to ga… [+2237 chars]
61,,Forbes,"Yue Wang, Senior Contributor, 
 Yue Wang, Senior Contributor
 https://www.forbes.com/sites/ywang/",Alibaba’s $120 Billion Rally May Have Room To Grow On AI Optimism,"Chinese e-commerce giant Alibaba highlighted its AI ambitions as it reported strong results for its third quarter, fueling hopes that it will become a leader in AI.",https://www.forbes.com/sites/ywang/2025/02/20/alibabas-120-billion-rally-may-have-room-to-grow-on-ai-optimism/,https://imageio.forbes.com/specials-images/imageserve/67b7dd27890ec7393f2054f1/0x0.jpg?format=jpg&height=900&width=1600&fit=bounds,2025-02-21 03:45:23+00:00,"Jack Ma, co-founder of Chinese e-commerce giant Alibaba, speaks in Paris in 2019.
PHILIPPE LOPEZ/AFP via Getty Images)
Chinese e-commerce giant Alibaba highlighted its AI ambitions as it reported s… [+3642 chars]"
62,,The Diplomat,Shannon,DeepSeek Reflects Both the Success and Failure of US Tech Containment Against China,China’s most successful AI product embodies the paradox of export controls: they can be successful and still fail to achieve the ultimate strategic goal.,https://thediplomat.com/2025/02/deepseek-reflects-both-the-success-and-failure-of-us-tech-containment-against-china/,https://thediplomat.com/wp-content/uploads/2022/11/sizes/td-story-s-2/thediplomat_2022-11-30-143250.jpg,2025-02-21 17:03:18+00:00,"In recent years, the United States has significantly expanded its use of export controls to contain Chinas rise and maintain its own technological dominance. At the center of this tech containment ar… [+16890 chars]"
63,,Geeky Gadgets,Julian Horsey,Deepseek VL-2: The Future of Scalable Vision-Language AI,"Deepseek VL-2 is a sophisticated vision-language model designed to address complex multimodal tasks with remarkable efficiency and precision. Built on a new mixture of experts (MoE) architecture, this model activates only the most relevant sub-networks for sp…",https://www.geeky-gadgets.com/deepseek-vl2-vision-language-model/,https://www.geeky-gadgets.com/wp-content/uploads/2025/02/deepseek-vl2-vision-language-model_optimized.jpg,2025-02-15 15:02:56+00:00,"Deepseek VL-2 is a sophisticated vision-language model designed to address complex multimodal tasks with remarkable efficiency and precision. Built on a new mixture of experts (MoE) architecture, thi… [+6508 chars]"
64,,TechSpot,Skye Jacobs,US investigates whether DeepSeek obtained Nvidia chips through Singapore to bypass restrictions,"Singapore's Second Minister for Trade and Industry, Tan See Leng, addressed the issue in a statement to lawmakers. According to Tan, while Nvidia reported that 22 percent of its sales in the August-October 2023 period were attributed to Singapore, this figure…",https://www.techspot.com/news/106832-us-investigates-whether-deepseek-obtained-nvidia-chips-through.html,https://www.techspot.com/images2/news/bigimage/2025/02/2025-02-19-image-5.jpg,2025-02-19 14:43:00+00:00,The big picture: Singapore has found itself at the center of an investigation into the distribution of Nvidia's advanced semiconductors. The inquiry comes as Washington examines whether Chinese AI st… [+2742 chars]
65,,Spacewar.com,,Chatbot vs national security? Why DeepSeek is raising concerns,"Seoul (AFP) Feb 17, 2025


 Chinese AI chatbot DeepSeek upended the global industry and wiped billions off US tech stocks when it unveiled its R1 programme, which it claims was built on cheap, less sophisticated Nvidia semiconductors. 

But governments from R…",https://www.spacewar.com/reports/Chatbot_vs_national_security_Why_DeepSeek_is_raising_concerns_999.html,https://www.spxdaily.com/images-hg/deepseek-logo-red-hg.jpg,2025-02-17 10:53:59+00:00,"Chatbot vs national security? Why DeepSeek is raising concernsBy Hieun SHINSeoul (AFP) Feb 17, 2025
Chinese AI chatbot DeepSeek upended the global industry and wiped billions off US tech stocks when… [+4862 chars]"
66,,New Atlas,Loz Blain,Use it or lose it: AI will rot our brains,"Technology can physically change our brains as it becomes an integral part of daily life – but every time we outsource a function, we risk letting our ability atrophy away. What happens when that ability is critical thinking itself?Continue ReadingCategory: A…",https://newatlas.com/ai-humanoids/use-it-lose-it-ai-critical-thinking/,https://assets.newatlas.com/dims4/default/ab3d623/2147483647/strip/true/crop/2000x1050+0+143/resize/1200x630!/quality/90/?url=http%3A%2F%2Fnewatlas-brightspot.s3.amazonaws.com%2F0f%2F4c%2F7263b9cb44ae8c58fab2e0a7b12d%2Fdepositphotos-65525407-l.jpg&na.image_optimisation=0,2025-02-18 05:58:08+00:00,"Technology can physically change our brains as it becomes an integral part of daily life but every time we outsource a function, we risk letting our ability atrophy away. What happens when that abili… [+4972 chars]"
67,next-big-future,Next Big Future,Brian Wang,Does DeepSeek Impact the Future of AI Data Centers?,China’s DeepSeek has made innovations in the cost of AI and innovations like mixture of experts (MoE) and fine-grain expert segmentation which significantly improve efficiency in large language models. The DeepSeek model activates only about 37 billion parame…,https://www.nextbigfuture.com/2025/02/does-deepseek-impact-the-future-of-ai-data-centers.html,https://nextbigfuture.s3.amazonaws.com/uploads/2025/02/deepseekAIdatacenters.jpg,2025-02-16 00:24:57+00:00,Chinas DeepSeek has made innovations in the cost of AI and innovations like mixture of experts (MoE) and fine-grain expert segmentation which significantly improve efficiency in large language models… [+4597 chars]
68,time,Time,Associated Press,DeepSeek Not Available for Download in South Korea as Authorities Address Privacy Concerns,An official also advised South Korean DeepSeek users to delete the app from their devices or avoid entering personal info until its privacy issues are resolved.,https://time.com/7225822/deepseek-south-korea-downloads-paused-privacy-china-ai/,https://api.time.com/wp-content/uploads/2025/02/deepseek-korea.jpg?quality=85&w=1024&h=628&crop=1,2025-02-17 05:00:00+00:00,"SEOUL, South Korea DeepSeek, a Chinese artificial intelligence startup, has temporarily paused downloads of its chatbot apps in South Korea while it works with local authorities to address privacy co… [+1601 chars]"
69,,Yahoo Entertainment,Jabran Kundi,GLOBALFOUNDRIES Inc. (GFS): Among the Semiconductor Stocks Making Impressive Comeback from DeepSeek AI Dip,"We recently compiled a list of the 15 Semiconductor Stocks Making Impressive Comeback From DeepSeek AI Dip. In this article, we are going to take a look at...",https://finance.yahoo.com/news/globalfoundries-inc-gfs-among-semiconductor-161954728.html,https://s.yimg.com/ny/api/res/1.2/un2sSB7p9UI1_zuKGRx3PA--/YXBwaWQ9aGlnaGxhbmRlcjt3PTEyMDA7aD02NzM-/https://media.zenfs.com/en/insidermonkey.com/f289676d393430125b59e2097e2f95f0,2025-02-17 16:19:54+00:00,"We recently compiled a list of the 15 Semiconductor Stocks Making Impressive Comeback From DeepSeek AI Dip. In this article, we are going to take a look at where GLOBALFOUNDRIES Inc. (NASDAQ:GFS) sta… [+3677 chars]"
70,,Spacewar.com,,DeepSeek removed from South Korea app stores pending privacy review,"Seoul (AFP) Feb 17, 2025


 Chinese AI app DeepSeek will not be available to download in South Korea pending a review of its handling of user data, Seoul authorities said Monday. 

DeepSeek's R1 chatbot stunned investors and industry insiders with its ability…",https://www.spacewar.com/reports/DeepSeek_removed_from_South_Korea_app_stores_pending_privacy_review_999.html,https://www.spxdaily.com/images-hg/deepseek-logo-red-hg.jpg,2025-02-17 12:32:06+00:00,"DeepSeek removed from South Korea app stores pending privacy reviewBy Hieun SHIN, Kang Jin-kyuSeoul (AFP) Feb 17, 2025
Chinese AI app DeepSeek will not be available to download in South Korea pendin… [+3054 chars]"
71,,Yahoo Entertainment,Bloomberg News,"Tencent Shares Surge, Baidu Slides After DeepSeek’s WeChat Debut","(Bloomberg) -- Tencent Holdings Ltd.’s shares rose to their highest since 2021 after DeepSeek, the AI service that’s shaken up the industry since its...",https://finance.yahoo.com/news/tencent-shares-jump-company-integrates-012521949.html,https://s.yimg.com/ny/api/res/1.2/ZV5l75aFSN5gHRqoVt8OTA--/YXBwaWQ9aGlnaGxhbmRlcjt3PTEyMDA7aD04MDA-/https://media.zenfs.com/en/bloomberg_markets_842/d74b1bb36e32f72e8cbce37dcc682258,2025-02-17 05:28:26+00:00,"(Bloomberg) -- Tencent Holdings Ltd.s shares rose to their highest since 2021 after DeepSeek, the AI service thats shaken up the industry since its emergence this year, debuted on the big tech compan… [+1720 chars]"
72,cbs-news,CBS News,CBS News,"Can Elon Musk's Grok 3 compete with ChatGPT, DeepSeek?","Elon Musk debuted his Grok 3 artificial intelligence chatbot, a potential competitor to ChaptGPT and China's DeepSeek in the booming technology space. CBS MoneyWatch correspondent Kelly O'Grady has more.",https://www.cbsnews.com/video/can-elon-musks-grok-3-compete-with-chatgpt-deepseek/,https://assets2.cbsnewsstatic.com/hub/i/r/2025/02/18/fbfdf49a-9911-40d5-869b-2d4add058130/thumbnail/1200x630/4ff0598cdc66395b4bb1dc5e34f1c1b9/cbsn-fusion-can-elon-musks-grok-3-compete-with-chatgpt-deepseek-thumbnail.jpg?v=db3d87ba7bf4d4ff13b65eabcf0d9bea,2025-02-18 19:45:00+00:00,"Watch CBS News
Copyright ©2025 CBS Interactive Inc. All rights reserved.
Get browser notifications for breaking news, live events, and exclusive reporting.
Not NowTurn On"
73,,Malwarebytes.com,Tjitske de Vries,DeepSeek found to be sharing user data with TikTok parent company ByteDance,"South Korea says it's uncovered evidence that DeepSeek has secretly been sharing data with ByteDance, the parent company of popular social media app TikTok.",https://www.malwarebytes.com/blog/news/2025/02/deepseek-found-to-be-sharing-user-data-with-tiktok-parent-company-bytedance,https://www.malwarebytes.com/wp-content/uploads/sites/2/2025/02/shutterstock_2577304567.jpg,2025-02-20 14:23:29+00:00,"A couple of weeks ago we reported on the concerns surrounding data collection and security at DeepSeek, the Chinese AI company which recently made headlines for shaking up the industry after seemingl… [+2897 chars]"
74,,Yahoo Entertainment,,Tencent's messaging app Weixin launches beta testing with DeepSeek,,https://consent.yahoo.com/v2/collectConsent?sessionId=1_cc-session_7e375509-8a7f-4221-bded-55148b42a869,,2025-02-16 09:04:13+00:00,"If you click 'Accept all', we and our partners, including 239 who are part of the IAB Transparency &amp; Consent Framework, will also store and/or access information on a device (in other words, use … [+702 chars]"
75,,Forbes,"Jason Kirsch, CFP(R), Contributor, 
 Jason Kirsch, CFP(R), Contributor
 https://www.forbes.com/sites/investor-hub/people/Jason-Kirsch/",Nvidia Earnings: What To Know About The Stock Before The Upcoming Report,Preparing for Nvidia's earnings? Explore important information about the stock's performance and upcoming report.,https://www.forbes.com/sites/investor-hub/article/nvidia-earnings-what-to-know-stock-report-q1-2025/,https://imageio.forbes.com/specials-images/imageserve/67ae373a4b87d8b5e5a3e98c/0x0.jpg?format=jpg&height=900&width=1600&fit=bounds,2025-02-15 18:00:00+00:00,"While recent developments have introduced some uncertainty, the fundamental drivers of Nvidia's ... [+] growth remain robust.
NurPhoto via Getty Images
As the worlds largest semiconductor company p… [+9500 chars]"
76,,Geeky Gadgets,Julian Horsey,DeepSeek R1: The Secret to Easily Building Smarter AI Voice Agents in Minutes,"Have you ever wished you could have an AI voice assistant that not only understands you but also explains its reasoning, like a thoughtful conversation partner? Whether you’re navigating a busy schedule, planning a trip, or simply curious about a topic, the i…",https://www.geeky-gadgets.com/deepseek-r1-ai-voice-agent-setup/,https://www.geeky-gadgets.com/wp-content/uploads/2025/02/deepseek-r1-ai-voice-agent-setup_optimized.jpg,2025-02-15 09:03:18+00:00,"Have you ever wished you could have an AI voice assistant that not only understands you but also explains its reasoning, like a thoughtful conversation partner? Whether you’re navigating a busy sched… [+7120 chars]"
77,,Yahoo Entertainment,,"Cathie Wood Goes Bargain Hunting. Here's 1 ""Magnificent Seven"" Stock She Just Bought on the DeepSeek Dip.",,https://consent.yahoo.com/v2/collectConsent?sessionId=1_cc-session_6bb92404-1aaf-4b61-8fcb-d5adb19f2e60,,2025-02-16 23:30:00+00:00,"If you click 'Accept all', we and our partners, including 239 who are part of the IAB Transparency &amp; Consent Framework, will also store and/or access information on a device (in other words, use … [+702 chars]"
78,business-insider,Business Insider,shubhangigoel@insider.com (Shubhangi Goel),Baidu's CEO credits DeepSeek for the push to open-source its own AI model,"""One thing we learned from DeepSeek is that open-sourcing the best models can greatly help adoption,"" said Baidu's Robin Li.",https://www.businessinsider.com/baidu-ceo-deepseek-open-source-model-ernie-cost-earnings-2025-2,https://i.insider.com/67b561e26630eb10385cf29b?width=1200&format=jpeg,2025-02-19 06:37:21+00:00,"The CEO of Chinese tech giant Baidu says DeepSeek's virality pushed the company to make its own artificial intelligence model open source.
Open-source models
 allow for the free and open sharing of… [+2877 chars]"
79,business-insider,Business Insider,tmohamed@businessinsider.com (Theron Mohamed),'Big Short' investor Michael Burry cut 2 China tech bets before the DeepSeek rally — and piled into Temu's owner,"Michael Burry of ""The Big Short"" fame pared his Alibaba and JD.com bets and bought into Temu-owner PDD before DeepSeek boosted Chinese stocks.",https://www.businessinsider.com/big-short-michael-burry-deepseek-china-tech-stocks-alibaba-temu-2025-2,https://i.insider.com/64de4d18b698ac0019db6227?width=1200&format=jpeg,2025-02-18 09:44:39+00:00,"Michael Burry trimmed two of his three big wagers on Chinese technology in the quarter ending December 31, before DeepSeek's release in January sparked a massive rally in the country's stock market.… [+2733 chars]"
80,,TechSpot,Kishalaya Kundu,"Elon Musk's xAI releases Grok 3 AI model with DeepSearch, voice mode, and more","During the Grok 3 announcement livestream on X, Elon Musk claimed the new model is 10 times more powerful and ""an order of magnitude"" more capable than its predecessor. Previously, Musk had promised that Grok 3 would be ""scary smart,"" with advanced reasoning …",https://www.techspot.com/news/106818-elon-musk-xai-releases-grok-3-ai-model.html,https://www.techspot.com/images2/news/bigimage/2025/02/2025-02-18-image-11.jpg,2025-02-18 15:23:00+00:00,"TL;DR: Elon Musk's xAI has unveiled the Grok 3 AI model, claiming it outperforms competing products from OpenAI and DeepSeek. The company also announced plans to open-source Grok 2 later this year an… [+2447 chars]"
81,,Yahoo Entertainment,Ghazal Ahmed,"AppLovin Corporation (APP) Raises Price Target Amid AI Ad Growth, Structural Shifts","We recently compiled a list of the 10 High-Flying AI Stocks on News and Ratings. In this article, we are going to take a look at where AppLovin Corporation (...",https://finance.yahoo.com/news/applovin-corporation-app-raises-price-124707097.html,https://s.yimg.com/ny/api/res/1.2/KcCuSXmF4WtCc0Q8B00aRQ--/YXBwaWQ9aGlnaGxhbmRlcjt3PTEyMDA7aD02NzM-/https://media.zenfs.com/en/insidermonkey.com/9bbb89ebaabf3d70fdba695a6a72a8ca,2025-02-18 12:47:07+00:00,"We recently compiled a list of the 10 High-Flying AI Stocks on News and Ratings. In this article, we are going to take a look at where AppLovin Corporation (NASDAQ:APP) stands against the other AI st… [+4257 chars]"
82,,International Business Times,Kang Jin-kyu,S. Korea Says DeepSeek Removed From Local App Stores Pending Privacy Review,South Korean authorities said Monday that DeepSeek would not be available from local app stores pending a review of the Chinese AI startup's handling of user data.,https://www.ibtimes.com/s-korea-says-deepseek-removed-local-app-stores-pending-privacy-review-3763983,https://d.ibtimes.com/en/full/4583109/chinese-startup-deepseeks-r1-chatbot-stunned-investors-industry-insiders-its-ability-match.jpg,2025-02-17 03:36:06+00:00,"South Korean authorities said Monday that DeepSeek would not be available from local app stores pending a review of the Chinese AI startup's handling of user data.
DeepSeek's R1 chatbot stunned inve… [+2304 chars]"
83,,International Business Times,Hieun SHIN,Chatbot Vs National Security? Why DeepSeek Is Raising Concerns,"Chinese AI chatbot DeepSeek upended the global industry and wiped billions off US tech stocks when it unveiled its R1 programme, which it claims was built on cheap, less sophisticated Nvidia semiconductors.",https://www.ibtimes.com/chatbot-vs-national-security-why-deepseek-raising-concerns-3763994,https://d.ibtimes.com/en/full/4583132/chinese-ai-chatbot-deepseek-upended-global-industry-wiped-billions-us-tech-stocks-when-it.jpg,2025-02-17 05:00:23+00:00,"Chinese AI chatbot DeepSeek upended the global industry and wiped billions off US tech stocks when it unveiled its R1 programme, which it claims was built on cheap, less sophisticated Nvidia semicond… [+4542 chars]"
84,,Forbes,"Yue Wang, Senior Contributor, 
 Yue Wang, Senior Contributor
 https://www.forbes.com/sites/ywang/",President Xi Jinping Meets China’s Top Tycoons In Rare Show Of Support,"President Xi Jinping met some of China’s most prominent tycoons, sending what analysts say is the strongest signal of support in years to companies like web giants Alibaba and Tencent.",https://www.forbes.com/sites/ywang/2025/02/17/president-xi-jinping-meets-chinas-top-tycoons-in-rare-show-of-support/,https://imageio.forbes.com/specials-images/imageserve/67b2d05aafa2beefe4042820/0x0.jpg?format=jpg&height=900&width=1600&fit=bounds,2025-02-17 06:30:21+00:00,"Chinese President Xi Jinping makes a toast at the Great Hall of the People in September 2023 in this file photo.
Andy Wong-Pool/Getty Images
President Xi Jinping met some of Chinas most prominent t… [+3961 chars]"
85,,Internet,info@thehackernews.com (The Hacker News),"⚡ THN Weekly Recap: Google Secrets Stolen, Windows Hack, New Crypto Scams and More","Welcome to this week’s Cybersecurity News Recap. Discover how cyber attackers are using clever tricks like fake codes and sneaky emails to gain access to sensitive data. We cover everything from device code phishing to cloud exploits, breaking down the techni…",https://thehackernews.com/2025/02/thn-weekly-recap-google-secrets-stolen.html,https://blogger.googleusercontent.com/img/b/R29vZ2xl/AVvXsEheIPqDFlR1MARa8Ohqf0LnNt7wdQm-H74tVv_5ZrdXVPBqXy00825H4uQneCh9O0QNxBcE2x7J0KkH4uVC-ii-nREfWR4BWS06I5eaaY6xtpbRVearldoUQzXUmVofaocsiKWgsNORdE7P80dLluO5elKln-K69xI1NzSr-MYDQNzQZrdnHPDDIEsswS4y/s728-rw-e365/recap.png,2025-02-17 09:19:00+00:00,Welcome to this week's Cybersecurity News Recap. Discover how cyber attackers are using clever tricks like fake codes and sneaky emails to gain access to sensitive data. We cover everything from devi… [+24583 chars]
86,,Yahoo Entertainment,Brian Sozzi,What Nvidia bulls are whispering about before its big earnings report,The Street is gearing up for another big read on the AI trade with Nvidia earnings.,https://finance.yahoo.com/news/what-nvidia-bulls-are-whispering-about-before-its-big-earnings-report-120347483.html,https://s.yimg.com/ny/api/res/1.2/pYMTBRmIS34CctxzZgBGag--/YXBwaWQ9aGlnaGxhbmRlcjt3PTEyMDA7aD04MDA-/https://s.yimg.com/os/creatr-uploaded-images/2025-02/116f0cf0-ef74-11ef-be79-985f8307e4a3,2025-02-20 12:03:47+00:00,"The Street is sticking with Nvidia (NVDA) into its market-moving earnings report next week.
Despite china-based DeepSeek coming out to rock the super bullish AI thesis earlier this year, Wall Street… [+5017 chars]"
87,,Digitimes,Vyra Wu,DeepSeek sees additional global scrutiny as South Korea blocks app,"South Korea has moved to shut down the artificial intelligence (AI) app DeepSeek, citing data privacy concerns tied to its links with Chinese tech giant ByteDance. The Personal Information Protection Commission (PIPC) said the app would be removed from Google…",https://www.digitimes.com/news/a20250218PD221/south-korea-deepseek-ban-security-data-privacy.html,https://img.digitimes.com/newsshow/20250218pd221_files/1_b.jpg,2025-02-19 09:38:43+00:00,"South Korea has moved to shut down the artificial intelligence (AI) app DeepSeek, citing data privacy concerns tied to its links with Chinese tech giant ByteDance. The Personal Information Protection… [+1722 chars]"
88,,Geeky Gadgets,Julian Horsey,ChatGPT o3 Mini vs DeepSeek R1 vs Gemini Flash Thinking : Which AI Model Reigns Supreme?,"Artificial intelligence has quickly become a cornerstone of modern problem-solving, helping us tackle everything from coding challenges to complex logical puzzles. But with so many AI models vying for attention, how do you know which one is the right fit for …",https://www.geeky-gadgets.com/chatgpt-vs-deepseek-r1-vs-gemini/,https://www.geeky-gadgets.com/wp-content/uploads/2025/02/chatgpt-o3-mini-vs-deepseek-r1-vs-gemini-flash-thinking_optimized.jpg,2025-02-19 08:15:17+00:00,"Artificial intelligence has quickly become a cornerstone of modern problem-solving, helping us tackle everything from coding challenges to complex logical puzzles. But with so many AI models vying fo… [+6984 chars]"
89,,Thewindowsclub.com,Yusuf@TWC,Fix DeepSeek Server is Busy issue,"You may have noticed that DeepSeek says the server is busy when you try to access it. This issue indicates that there is a high traffic on the system due to which it is unable to process your request. In this post, we are going to talk about this issue and se…",https://www.thewindowsclub.com/fix-deepseek-server-is-busy-issue,https://www.thewindowsclub.com/wp-content/uploads/2025/02/deepseek-server-busy.jpg,2025-02-21 20:29:00+00:00,You may have noticed that DeepSeek says the server is busy when you try to access it. This issue indicates that there is a high traffic on the system due to which it is unable to process your request… [+3389 chars]
90,,Investor's Business Daily,"RYAN DEFFENBAUGH, Investor's Business Daily",Baidu Stock Falls As Ad Slump Weighs On Sales Despite AI Momentum,Baidu stock was lower early Tuesday after the Chinese internet search giant reported fourth quarter results that beat but saw sales slow.,https://www.investors.com/news/technology/baidu-stock-q4-2024-results-ai-bidu-stock-price/,https://www.investors.com/wp-content/uploads/2017/08/IT04_bidu_082117_shut.jpg,2025-02-18 13:07:24+00:00,"Baidu (BIDU) stock was lower early Tuesday despite the Chinese internet search giant reporting fourth-quarter earnings and sales ahead of expectations. The tech giant's AI push is gaining momentum, t… [+2691 chars]"
91,,Naturalnews.com,News Editors,VP Vance threatens Europe over Chinese Open AI models,Yesterday U.S. vice-president JD Vance appeared at an Artificial Intelligence summit in Paris to push for the exclusive adoption of closed AI models which the U.S. attempts to monopolize. (Article republished from MoonOfAlabama.org) Vance is an excellent spea…,https://www.naturalnews.com/2025-02-16-vance-threatens-europe-chinese-open-ai-models.html,https://www.naturalnews.com/wp-content/uploads/sites/91/2025/02/Madison-Square-Garden-Rally-JD-Vance.jpg,2025-02-16 06:00:00+00:00,"Yesterday U.S. vice-president JD Vance appeared at an Artificial Intelligence summit in Paris to push for the exclusive adoption of closed AI models which the U.S. attempts to monopolize.
(Article r… [+5692 chars]"
92,,Japan Today,,Chatbot vs national security? Why DeepSeek is raising concerns,"Chinese AI chatbot DeepSeek upended the global industry and wiped billions off U.S. tech stocks when it unveiled its R1 program, which it claims was built on cheap, less sophisticated Nvidia semiconductors. But governments from Rome to Seoul are cracking down…",https://japantoday.com/category/tech/chatbot-vs-national-security-why-deepseek-is-raising-concerns,,2025-02-17 21:50:03+00:00,"Chinese AI chatbot DeepSeek upended the global industry and wiped billions off U.S. tech stocks when it unveiled its R1 program, which it claims was built on cheap, less sophisticated Nvidia semicond… [+4659 chars]"
93,,Yahoo Entertainment,,"Skyworks Solution, Inc. (SWKS): Among the Semiconductor Stocks Making Impressive Comeback from DeepSeek AI Dip",,https://consent.yahoo.com/v2/collectConsent?sessionId=1_cc-session_5b241ceb-dc3d-4504-bd76-94272aec791d,,2025-02-19 03:21:32+00:00,"If you click 'Accept all', we and our partners, including 238 who are part of the IAB Transparency &amp; Consent Framework, will also store and/or access information on a device (in other words, use … [+702 chars]"
